2023-02-02 21:14:42.982313,dssdsdfs,Decrypted
2023-02-02 21:15:19.911451,qqweqwe,Decrypted
2023-02-02 21:15:48.849873,asdasd,Decrypted
2023-02-02 21:15:49.677447,asdasd,Decrypted
2023-02-02 21:15:50.128626,asdasd,Decrypted
2023-02-02 21:17:40.552243,sadad,Encrypted
2023-02-02 21:17:42.376074,asdasdds,Decrypted
2023-02-02 21:17:43.342622,asdasdds,Decrypted
2023-02-02 21:17:43.949257,asdasdds,Decrypted
2023-02-02 21:17:44.465492,asdasdds,Decrypted
2023-02-02 22:05:15.558968,dfsdf,Encrypted
2023-02-02 22:05:18.146986,dfsdfs,Decrypted
2023-02-02 22:05:22.850998,kdhsd,Decrypted
2023-02-02 22:09:02.003948,sadad,Decrypted
2023-02-02 22:09:02.880927,sadad,Decrypted
2023-02-02 22:09:04.053747,sadad,Decrypted
2023-02-02 22:09:04.838988,sadad,Encrypted
2023-02-02 22:09:08.594698,asdasd,Decrypted
2023-02-02 22:13:42.244949,sdasdas,Encrypted
2023-02-02 22:13:45.296309,asdasda,Decrypted
2023-02-02 22:13:46.155305,asdasda,Decrypted
2023-02-02 22:13:46.834689,asdasda,Decrypted
2023-02-02 22:16:29.585148,sadasd,Encrypted
2023-02-02 22:16:31.681285,asdsad,Decrypted
2023-02-02 22:16:32.697129,asdsad,Decrypted
2023-02-02 22:16:33.386884,asdsad,Decrypted
2023-02-03 10:33:12.210384,kjhkjh,Decrypted
2023-02-03 10:35:15.632217,sasdsd,Encrypted
2023-02-03 10:35:18.866144,fsdfsdf,Decrypted
2023-02-03 10:38:25.440224,jjj,Decrypted
2023-02-03 10:41:45.296180,a,Encrypted
2023-02-03 10:41:54.102472,Zg==,Decrypted
2023-02-03 10:47:52.879163,fyfhghff,Decrypted
2023-02-03 10:47:54.051305,fyfhghff,Decrypted
2023-02-03 10:49:07.484223,adadcsda,Decrypted
2023-02-03 10:49:51.263754,gdgdgdgdgd,Decrypted
2023-02-03 10:52:20.119411,dfghjklasdfvg,Decrypted
2023-02-03 10:52:28.026015,asdfghjk,Encrypted
2023-02-03 10:52:35.282039,asdfghjkl,Decrypted
